falha_1,falha_2,falha_3,falha_4,falha_5,falha_6,falha_outros
0.04567748160853269,5.7235415425032424e-05,0.0008405036763738849,6.264424885959106e-06,0.00015259256013435858,0.8226000959542833,0.4839124394545489
0.01717672504561713,0.0010347203374038104,0.030560946913770665,7.043842395336397e-06,0.050283656833084424,0.07090084896696047,0.8901337713819268
0.1957568227624334,6.86280911860707e-05,0.0014443082870848137,6.012050837738539e-06,0.0040276973907590555,0.6553696846491016,0.3908704083623705
0.14184664887186785,0.0004046879037408112,0.0018684763598650956,1.5395739359793432e-05,0.2430823952262529,0.693961693513418,0.24006628335347394
0.015456995779460955,0.00046926220410241836,0.0035795224632060997,2.4414129564458233e-05,0.0002527956862219423,0.597039203526358,0.2600137127978087
0.0015724258975702316,0.06404353700963668,0.0002572537096926154,6.06039543657811e-05,0.00037010107725036335,0.7362370296545366,0.11227552082785312
0.13922166444255998,6.44057334135363e-05,0.0003571237107832888,1.611088752816357e-05,0.011933805897355034,0.3722635845374973,0.6277083861667628
0.0026067964434687827,0.00032398789555978413,0.010728939650467785,0.9601126385267952,0.0004924365100996912,0.2722757816749301,0.047150717899971606
0.0038628572472535327,0.002297057609222815,0.5605943870692399,8.327120536571464e-06,0.0001856727304513095,0.1964107903591061,0.14515580039007783
0.6638963839308151,9.407320394963782e-05,9.280242520440569e-05,7.6044991160546925e-06,0.2209009608070717,0.19708122348142293,0.4448876693340413
0.4013817927120781,7.198929864173292e-05,0.002997436857873886,7.165211821889239e-06,0.00039680554311138146,0.061272663792326786,0.7859915344678587
0.001331314991212767,0.0003391777616262857,0.9784385920626083,8.708808830123141e-06,0.00014333879928038807,0.014613821447991147,0.060482368336914706
0.004296853545947592,0.0006884856989120824,0.8296889547202423,0.0001245492660872942,0.0047408805508106335,0.1165894648832218,0.9150808916849198
0.0017885800468474616,8.504867379957484e-05,0.9872100683526078,8.32711598364286e-06,6.5674786438548e-05,0.0674378475019973,0.061848926439759006
0.00379894360123977,0.006279299662998919,0.897815363762005,8.327120536571464e-06,0.00011306252325223025,0.09298612183825726,0.0698740260980826
0.1775087418931468,0.0008340643217270713,0.00042016275933165384,7.164845382315011e-06,0.9885767312036858,0.224954271144027,0.31772685718814314
0.6858902241603166,7.285824812372683e-05,0.0004244717305669441,8.239017698794912e-06,0.0009426963674084866,0.7081301413708564,0.09807229309221782
0.006487456949125927,0.0001015950131178672,0.0008186054657231184,0.0004485642319871561,0.8837828910281036,0.20919234232488967,0.5596157647396496
0.004321617980083938,0.002178084868420384,0.4181155001908891,8.32762723174323e-06,8.042916992020417e-05,0.10982593680364146,0.21787090625141822
0.015270985319628142,0.012237660246413809,0.0006525124593926052,1.0448012324196785e-05,8.484534938799891e-05,0.7532070220864525,0.201060451676811
0.0010206973517164547,0.014468734167792511,0.039564912474577996,9.7830526661907e-06,0.00020327025999288909,0.22753380155755296,0.5727539385424554
0.008994781369041414,0.8356454802602893,0.00019467494333747423,9.2646798403961e-06,0.0011756803938536948,0.03539908873097512,0.3507662538444836
0.03755708685765043,0.4809486929094099,0.00230685022911512,9.265591493096371e-06,0.0026063691497799917,0.11472018198697831,0.2606302468318361
0.1184035266760345,0.0019812537402654597,0.07576042966801398,7.600568083571605e-06,0.00026296580823712505,0.16937490093515198,0.1818333567087538
0.35549699710465177,3.2152881294296003e-05,0.0005467854161097128,1.8854054951683177e-05,0.005253419033482388,0.4055119761021669,0.4381635546124972
0.0036669929744071192,0.00041568270930948827,0.9852841517618677,8.60646552014484e-06,0.00012284554810769514,0.0186423467715824,0.06744763227765188
0.0071179507454414166,0.00038788760260755946,0.0012092265565905786,0.0002679529416549806,0.0001400597630004705,0.7017049182859408,0.4726815976594537
0.0283429998522322,0.15907180287469436,0.0002841423834567596,8.536971683841347e-06,0.001347314022356202,0.7769817596641381,0.13012359052538067
0.9537786296581638,5.0103437156390376e-05,0.00023110107012027682,6.4053313538849995e-06,0.011034008609157302,0.018405770198001867,0.2875235139007182
0.001570008814324514,0.0007786308558884134,0.5934346741910941,8.238207051093865e-06,0.000563239391629409,0.2445809561256842,0.11585600192856078
0.004556005096408873,0.0005577066165979705,0.0017819330471180045,9.604820459192105e-05,0.0029410937306221176,0.2970038847008,0.5972201568453963
0.0024150338426624893,0.00017000942196618011,0.9850885626351592,8.32711598364286e-06,8.350470760578402e-05,0.07711637172022447,0.026143833667221554
0.04126142806955513,0.00014989202655947084,0.0014107250752605634,7.738299405083169e-06,0.0015148677044751033,0.5184280294751568,0.6070702317076807
0.002676494998887715,0.015491584690169062,0.00037319217011141725,9.2646798403961e-06,0.0002914543919699209,0.90225568226562,0.47929010824083734
0.0007559036831696877,0.003764986327069758,0.00013712748912691209,0.0005192335231370845,0.00024067012053277512,0.5085683434170262,0.6798201907244499
0.6956047034049821,0.00029315166176851993,0.0015666300746509986,1.4623997966089789e-05,9.938906234293406e-05,0.7282700647527527,0.430193164344675
0.3754624681827641,0.8727354286364164,0.00018543939941560904,8.239017698794912e-06,0.0003792194627310605,0.17224565406606154,0.062096710645038126
0.0009242785527617687,0.000279536624062964,0.06247430004116664,7.955617766716968e-06,0.0003509646623538488,0.12292413454264449,0.8876453366117866
0.00502660991257302,0.001407539027411838,0.00041012821356762685,1.142115577354156e-05,0.0001753695064191361,0.4705753354891432,0.3811039694265437
0.01531133010325517,5.0747290119739986e-05,0.0002070315502534218,4.9888628341739105e-06,0.00016962102865121173,0.4018887655064444,0.6896382065930735
0.3623833855322651,0.0013027985039326556,0.0004905217510021304,7.63901555867927e-06,0.00021441724096481617,0.14568581174130854,0.6070034110815757
0.010017623342296477,0.00010269486490301488,0.00031597634890477414,0.0001535334576703047,0.0003935335636554572,0.12999773591688335,0.3616354441435958
0.0101687617040173,7.36027324105737e-05,0.007693508007607906,8.47341055329353e-06,0.003673371162351441,0.04460701794971745,0.9219848068259378
0.17905834599391582,0.505264336079973,0.00016594583774679614,8.867430287136476e-06,0.002138450557876907,0.0960353637561422,0.15914508950439926
0.0018151362624063956,0.0005573395931264331,0.9900654744211554,7.910390414512135e-06,8.239687271432899e-05,0.020082807373212053,0.03219010439403123
0.13107356095280687,0.0012441586725889027,0.0006789209523695182,8.362999905775389e-06,0.0002828383008492664,0.469815524437977,0.26373888962086434
0.002361765159676685,0.00012213762287020512,0.0006552542514339986,7.5375280772078716e-06,0.161001484567607,0.6142302526236065,0.9529530821926705
0.00150433342941877,0.00023219471863672288,0.0018810468232496938,0.000716861095804278,0.001974405770984732,0.08300752028478293,0.21473624458897453
0.0029211158636654696,3.8962115532373704e-05,0.7768063225004168,8.32762267853759e-06,9.46106427406295e-05,0.06477205279432319,0.3445164269756901
0.002063352313478105,0.13670132231848894,0.000791936945513123,9.126597229596673e-06,0.0005371045346365479,0.31872459147945215,0.38034015195614074
0.019304896292151676,0.0015561871386689803,0.025789169558624585,7.600568083571605e-06,0.0014976248998047118,0.8550223648880705,0.1126342692433368
0.01780242118502787,0.0001197209664976343,0.00010254594155366415,6.40509084285479e-06,0.11007085066242835,0.010519781800247041,0.9496665807275763
0.0029654084187246427,0.00016932864005329574,0.014008566519539264,0.00041532912892851807,0.0012148523037236064,0.4732467397901973,0.704990870789652
0.002238404827785217,0.8645413890320138,0.0011754940736641013,9.92798341986783e-06,0.0002001765782009761,0.33714248810656033,0.0753317864936611
0.002108533575037807,0.0020392877583355136,0.0006577736388606686,7.718401599474114e-06,7.210789267466901e-05,0.490682317997816,0.352488804760768
0.16376514522638366,2.71178050630715e-05,0.003920894499478815,1.0471214347071944e-05,0.0007872812491200127,0.37975236536640755,0.6424837317823303
0.004242900750041101,0.0041625035531593834,0.9787603914578901,8.060293310266218e-06,0.0007055464893128515,0.1610945159996013,0.22697884619449454
0.13828408803706535,0.00012507836423548426,0.6690225452587465,1.1586767951290386e-05,0.0002280517043096503,0.10373935220877689,0.7838882360031191
0.03562147411656026,0.00013611605763363838,0.00030045824130020755,0.00017896778530888195,0.00018547920642718609,0.7468693926854197,0.15943197202139625
0.0014908964296267795,0.00017953570678290367,0.9990843221510015,8.667407162860213e-06,0.00013074069848232006,0.06044420149441976,0.0205909351772949
0.00798531085723045,0.03116879537394759,0.0003326950778082758,9.265586427055023e-06,7.344118225170677e-05,0.9713643902095467,0.11817497181461852
0.01939967582540401,0.00011620041997009397,0.00030503224985000836,2.7282221211526755e-05,0.00026970878415430774,0.8434352735221409,0.12009954943454612
0.004827411215305618,9.565271140268101e-05,0.0005695895232949636,0.9916279842062076,0.0008747275585106,0.6426785200943332,0.06184311236023539
0.0046395174008050195,0.004586605465019146,0.5844249845318451,8.327120536571464e-06,0.00010670007253236098,0.20522027959270214,0.10145595356160282
0.004579979509260601,0.0001997379015827012,0.0006454176018623381,0.9256988907519617,0.009488606809789772,0.2503748322880291,0.35700227240385746
0.0098667243448608,0.00013520372784793245,0.03715700116046155,5.637237698973856e-05,0.00035167255513946963,0.9697994823527519,0.1849413678433215
0.0023771335835446193,0.00016249177186359638,0.9363934975826536,8.32711598364286e-06,0.000195095353348613,0.06462685488076278,0.04463697375024933
0.006858803495908741,0.00011017120186192519,0.9816631621340841,0.0031832751331190667,0.00039209651222853214,0.27332997627627703,0.4752237368325224
0.0419565129806662,0.0018829530909624844,0.0008952811108965725,0.0001435771616486987,0.00012952061701893802,0.3041644544526095,0.5522605702525758
0.0014136377935569826,0.00010088514688209684,0.0005296333351976191,0.9611915937130281,0.0003578074218747307,0.4470284675469507,0.0580551047647281
0.001644914747992186,9.609778295247836e-05,0.12840323273575932,1.1332299237690163e-05,0.00014119094401134392,0.7464843646901038,0.7137694058988565
0.2943454598910518,0.33246357981914865,0.00020599600960201524,9.265591493096371e-06,0.11364356258501539,0.2850641525589253,0.2648869954420989
0.7120107428873873,0.00022820322464702988,0.0052729074651794725,6.405327851705315e-06,0.0014742927461465865,0.04492195116490039,0.15513152509475378
0.9312563455446173,0.026148544506591053,0.008884040989067438,1.7955011994757838e-05,0.22042144480200004,0.8036037642745096,0.23520895424476476
0.010525937304413494,0.06836956987968161,0.0022688729388884907,2.6921899908127605e-05,0.00015900834156851607,0.9034073466181636,0.1233560465448255
0.0018183714764228572,0.6101398195010669,0.0001723513266172036,8.496202232905696e-06,0.0001398468997170363,0.38648552041084067,0.07832978732796035
0.3970085781478302,0.000424119842694863,0.004157460008875738,1.1464177694511251e-05,0.000370366300212928,0.11106068719446142,0.15154956669187306
0.0009247383438293937,0.0015686418182263421,0.006385300813541291,8.583280658559422e-06,0.00012900414014255145,0.6754456468791118,0.2811831925503676
0.02560781324812194,0.00019561736179767917,0.0006538999343799015,0.00021492939721629115,0.0122346329415243,0.2044105122931027,0.6789005593359306
0.0015785584774562044,0.00042909032144788895,0.9941159213974848,7.909909105948414e-06,0.00023064818721978822,0.02905418199879833,0.014258212814953652
0.002351057899955564,0.00010728742094386783,0.8955144446347009,8.32762267853759e-06,8.434488533199316e-05,0.07317647217114383,0.03998620449962748
0.052393768207572244,0.02479982618750532,0.00013388555433450227,1.378372456241478e-05,0.006326293815931907,0.7773351903247467,0.1473898113410053
0.00792082090676877,0.04171665175786891,0.0017741239559620273,7.96895714042846e-06,0.000790267008458991,0.3620951371900115,0.506768315589896
0.11390344102469184,0.20939850256546025,0.00024238918233598827,8.239519033060172e-06,0.003612796917116502,0.18111115249318793,0.11352513224715863
0.09238653915574782,0.07039736316856685,0.005463563565443313,8.056985144579544e-06,0.002951002466087691,0.09557083345650193,0.2053949165975896
0.005851829369200737,0.001652809835023234,0.0003178212003447072,8.913671271990345e-06,0.00020544983562133587,0.7767318352871041,0.3131398202992335
0.001544104713385065,0.00045544077901404884,0.9928487659902093,8.606989212973308e-06,0.00014958280136739176,0.022680781589075577,0.03400690831268806
0.8392882576404058,0.00035350570877959057,0.00011524597599990742,8.273800225985882e-06,0.029674923523085484,0.39938331026510027,0.18551517612702254
0.0007809816947699598,0.0002023930768521919,0.003980720531230054,7.707144133538102e-06,0.00013936181661289214,0.48104354267899957,0.44264334813612316
0.8899020804768064,0.00018056524136946325,0.00010209083125836991,7.032321583508191e-06,0.01342379069631253,0.1003036797983918,0.07865971602656244
0.0036544176098326398,0.15558282099648538,0.000267331818814685,0.00014467831518345117,0.0003316282048835876,0.25701020073997816,0.18343350279691403
0.0019042357484373494,9.184706034291554e-05,0.9965345420251959,8.32711598364286e-06,0.000122162466935278,0.06841811116385746,0.0354505652018849
0.0025967904600839964,0.0030953917462122242,0.004571077819209767,1.2124107945071756e-05,0.00019391055779649643,0.5858727298239687,0.3923868194245556
0.001935709760244437,0.013735920434019737,0.23741814534017744,9.32130548927956e-06,0.00014029701272576196,0.485495749917568,0.34672953534401596
0.9504088311323134,0.0009227604007497369,0.28194845536646707,1.0575166405820255e-05,0.000525410481116117,0.24406887701927538,0.07504848372476057
0.09994796992323635,0.1777824021447508,0.0011458579438347568,6.5703778970881935e-06,0.00024895840635576736,0.5667757510052096,0.05745650555486867
0.010406792307652287,0.0001584692420659533,0.000419303473852999,2.358011637833386e-05,0.11508086325681878,0.9383568094449394,0.5609585837975389
0.2528150953684641,8.336404870555606e-05,0.0005944845035318919,7.837428790285484e-06,0.0001306379798145568,0.28276813827762853,0.2994878542028136
0.007749248557331347,0.0001600469434492688,0.00023682343706249803,0.0002489314910555024,0.00043639333442582404,0.7289382843759139,0.2674627828454709
0.0015261620548991386,0.0003028237939643018,0.0006791096580038701,0.9733662357704566,0.0002539103018305483,0.2691123705614636,0.1830396408295492
0.001518689388027403,0.044691741616233335,0.00031490749085734274,9.2646798403961e-06,0.00044476998047894215,0.014694327428226501,0.6244191717367432
0.0021027339616944887,0.0022797092918000975,0.00027195520104488234,0.0010392274061296963,0.00013192830452143437,0.32451704958883193,0.4127708046967557
0.0029935132344917283,0.43484932596379566,0.0002670347155854414,9.179883586775122e-06,0.000592741323145488,0.36187953019143204,0.07357763126242438
0.03505674421740302,0.0007269117915205827,0.0008656772784183581,8.176563138930521e-06,0.00033236244979863345,0.5769371082276643,0.32878159738462864
0.0038050091083670703,0.004977010865736057,0.0005637698474834365,9.2646798403961e-06,0.0002987942967079327,0.8051969561280915,0.4065901660488622
0.0015058866211329711,0.0037361518412422153,0.01930181975815006,3.540849874512877e-05,0.00015922489826141115,0.3459226203699336,0.6954223025528655
0.0029044473097138207,0.00017122264083169474,0.9775871037918563,8.32711598364286e-06,6.39223219471927e-05,0.07953992668135708,0.01599139658730286
0.010299298739526732,0.00011913592982657413,0.10733979026888568,0.000369156595197225,0.0001696201412105751,0.31842098242096756,0.5059195513516095
0.12326167431013994,0.001200359690757566,0.0006955090915636758,7.1908805237710065e-06,0.005382703638752697,0.6625904546291155,0.23404952350760658
0.002987646390604478,0.7359959227653923,0.00013918149793614118,6.415006373748906e-06,0.0003942199723437326,0.30602127664474693,0.43125559154200455
0.010897996874419886,0.00016393794690736717,0.00015996237455043218,0.9077743772746418,0.001387145697119681,0.2252361890367368,0.11677191590210682
0.003253604616565117,0.00240688504326934,0.0002547436036863343,6.384329532911718e-06,0.0024399854544852675,0.5261206867167503,0.5853976242901924
0.02483242836877688,0.00538649767046525,0.0003004442799804217,8.063953034243764e-06,0.0014595849116953354,0.47672661488092893,0.7293440423182954
0.024997261672886115,9.145534921923309e-05,0.00021401618849407477,1.3727862653591792e-05,0.0050514693053832485,0.7222759266346039,0.4916264559097753
0.8459391798907796,7.835365251869447e-05,0.0003446108654016267,6.405721111268003e-06,0.18842103854541487,0.033713757032807726,0.1300198773544008
0.0024935377115704684,0.3626016585413342,0.0033211924075818734,9.65215627828378e-06,9.5082447588766e-05,0.14925999380920832,0.05660228727149742
0.018193419873103397,0.00020509634835888296,0.0005702091842335381,1.2307648655050938e-05,0.0003670871895119113,0.9736990368302721,0.20518679944905924
0.0022337676505226715,0.0005979071356357504,0.9813137045390017,6.782838403364333e-06,0.0001216419262560125,0.015095155754198657,0.0446229071069281
0.35735148853482773,0.00011080619548655664,0.0005740327607299726,1.3747644000782539e-05,9.235860817263725e-05,0.40976352777860325,0.306811926145631
0.0016683991723737267,0.0005790214222428962,0.9994287030483665,8.647049927215786e-06,0.00016050711499700557,0.034600894174786775,0.022089558173426754
0.018394061619943728,0.0017308452748360644,0.000728959234751311,2.5193065699335584e-05,0.00018744262797531746,0.962982978016421,0.17204719677719899
0.003920928253166376,0.0005574405413104128,0.8465869243716179,8.288033154785938e-06,0.00011951119728041688,0.021156044382208365,0.05198409734888435
0.02664064657143733,0.0003984135242072903,0.000322843648762528,7.193732364673277e-05,0.00034556190106780455,0.5368007976116598,0.1448740208632218
0.0013932803667942872,0.15860262506760348,7.964707172552201e-05,9.417025419234472e-05,0.0003668893355579876,0.12853173291157152,0.15303105102265868
0.010907813848449107,0.00037026052963099165,0.0005131348885936032,8.60838694788764e-06,0.004584421832735191,0.6148833585893174,0.6205352915125639
0.017157972706668707,0.00016995659208540455,0.011052950465870175,0.01926054076158749,0.000145043407111778,0.5047679365184733,0.05050266154341652
0.0010060397934620584,0.21372964551782572,0.00025284927971157696,0.0010063586401219638,0.0002905382583789726,0.16034653007503616,0.2703323239697806
0.008425254125715527,0.00017609295187685946,0.0023642788864369677,0.0007351869920775539,0.0006507213157607061,0.16396081919532773,0.48958854998669044
0.018286464394227153,0.00160666834556527,0.0026476840505262485,0.0006308450385740124,0.00010743690851968153,0.9178232953697634,0.19531538882889626
0.10829953612327926,0.00024714205200524923,0.0005405331317394637,5.3876938108307406e-06,0.002404236766559073,0.8550240457916177,0.3460397524666541
0.003488418159288065,0.008250135838912936,0.9890874269700162,7.380593378230776e-06,0.00016891268545333207,0.016315854219108118,0.021151330944772003
0.9076904563704707,0.0007754843777837079,9.880019159364216e-05,6.405327851705315e-06,0.018062869106493868,0.7380404072502307,0.2564878440567248
0.003927045602958859,0.00014460955227292688,0.9552139475361108,8.32711598364286e-06,6.023771532943968e-05,0.06951778495698702,0.03939956476661231
0.014970335366882503,0.0005588557088787819,0.014907276134822336,5.0431051111309255e-06,0.9864876669578262,0.6992864698695677,0.3776264331051016
0.2861358769577018,0.002710066856031642,0.024831339368205956,1.0719889379242567e-05,0.2952468410772118,0.11337572927574795,0.7116965790844157
0.00278013032736241,0.49420414099652543,0.001037260087158119,9.2646747748532e-06,9.750511208390715e-05,0.4037972277642011,0.20251650441275362
0.014896524983439156,0.0008926775444823727,0.0004203072382485924,3.816652114093051e-05,0.6010614202009921,0.7139691708290672,0.7574368924475345
0.0023843251404618813,0.0002795018775549593,0.7874401477808102,8.32711598364286e-06,0.00018377758205638327,0.0696266657183561,0.044766354830883565
0.0007318471082804663,0.00015759993654560668,0.00027632247139584235,1.6045628602963234e-05,9.628883185896622e-05,0.5554015213044214,0.7218317427221989
0.0023881942791403703,0.000774518254128344,0.00043910250955319583,0.00011332062422977152,0.0004519418245065257,0.36321428512017223,0.636764096301389
0.7514450839768415,0.0037396504145791555,0.00018806644384169048,8.239523538094718e-06,0.03644305577908188,0.3668264360203239,0.5183058966756299
0.013759693822388078,5.6283316759772576e-05,0.000502273468767584,5.0262022373587515e-05,0.014823478427439607,0.4362782353395919,0.45090606398185734
0.3095270382605188,0.48321469627581554,0.003305817599271841,8.58542593927637e-06,0.0007513544453119057,0.3442508802639434,0.10322564764156364
0.17173385229889063,0.002324152562342669,0.003903698506610216,1.5575927215253605e-05,0.00014083430009495843,0.5807512809956987,0.21959080264142725
0.05860135353914464,0.5495200052602525,0.00011807903409852265,5.848689637359634e-06,0.0017872925870300485,0.15180853653150622,0.3011041408500642
0.0010190107500920194,0.0005809968941150465,0.9945883842995308,8.667407162860213e-06,0.0001370273332116467,0.033384541129625536,0.02340116813162429
0.045423772147389144,0.00047329397688093005,0.004976770574286837,8.617536792896e-06,0.63433457247194,0.09661131504330775,0.5284563488685943
0.0056299010003769325,0.0002604809818148077,0.6888876835389212,7.703548944820803e-05,0.0006107703574970344,0.28879817708010463,0.6127900937128489
0.003968204420865577,0.0007582912566460265,0.0033635785161529193,4.140583218829218e-05,0.000346925235352169,0.6255319163642852,0.6049068645431097
0.8032264854190323,8.435621619261373e-05,0.00028638569898890853,2.776600034516337e-05,0.0020940223495331083,0.6625305580295054,0.4221217811097495
0.008572962967069045,0.0003914349272073923,0.00036162063471729315,0.00032071612226965867,0.05838015760641074,0.42022833893443534,0.3435502456052804
0.0015897519505931287,0.0003980910510760227,0.0001888187327712925,8.728288054629254e-06,0.00016644425290407853,0.7592852998390439,0.3060098131073323
0.14110171237831387,0.004141751390039519,0.6987085687217028,0.0005291004238608625,0.00034424635257921673,0.05594069190650434,0.5401232449645011
0.007394011045313785,0.0007104828695148798,0.0008315368931213271,7.043842395336397e-06,0.00010304682026676344,0.9256826915927523,0.30775263852861084
0.0022934743991874706,6.115565845846194e-05,0.8839725952917024,8.32711598364286e-06,8.985968504333079e-05,0.0733358302677245,0.04125051680167361
0.013262129578776243,0.886239399334387,0.001772543886950152,7.833139159878163e-06,0.00026572152520466715,0.011663182220229888,0.3244289731430301
0.00333430245130476,9.456562603440703e-05,0.630203099344622,8.32762267853759e-06,0.00014675998370702694,0.054203776466066035,0.556546379433281
0.06618153113276577,0.000278876065422333,0.00041125520225822885,7.291770292230209e-06,0.00019641801955386115,0.9389010922530217,0.1402912896671808
0.003878673907305577,0.0008237150494883572,0.0017918485895525717,0.00012738036872663325,0.0006750408199787593,0.7982194562805105,0.2516156127636454
0.000888252236018563,0.00035191905061067056,0.0003371679533817246,4.603736433893086e-06,0.03177054546392289,0.36622068448974465,0.9159081913491588
0.002176846389731757,0.0005336892427248685,0.9951568173138461,6.7832511314811645e-06,7.610933835458643e-05,0.022243794016919036,0.020770850730949055
0.017705869376983156,8.731467501336335e-05,0.002293899002979775,7.900339713771827e-06,4.0288337672698327e-05,0.8961126370755959,0.11841267257829333
0.01569278745882415,0.00019484305188042914,0.0018832835408062211,7.600105626037981e-06,0.00013625507309744965,0.9764706265162948,0.10922715573870174
0.002237775019993729,0.0001927825696972104,0.9876678903898102,8.32711598364286e-06,0.00012853143132400183,0.0760100711684959,0.02976370062475959
0.0013194761217349704,0.0011261339193653556,0.0076059107801078815,1.0110953244726577e-05,0.00026985902687619523,0.7768825218708311,0.5696115524816378
0.003221411697850189,0.5793048662055554,0.00024401423049092498,8.239017698794912e-06,0.0007256768139142797,0.12076996891456206,0.24722186762489695
0.937569752464093,0.0002787460545217878,0.003164439349617201,6.698524034587959e-06,0.0008472055512160491,0.08484275540454075,0.16709201816322822
0.004800031402543769,0.0002472187792503069,0.026205762240339086,9.46415352786983e-06,0.0004557893038955052,0.74971584636734,0.43031102331910015
0.577582804300983,0.0002978570480830145,0.00028567636728630907,1.8852155205147106e-05,0.0013127636045567887,0.32865688544161226,0.22849903873602134
0.005255177810178297,0.5110357439189264,0.00018560893732627137,9.374639843792242e-06,0.00026975315666299363,0.20139931286943039,0.3745652658208521
0.0026133351093332907,0.0003725314395622434,0.0072938287001636645,0.9819875603671342,0.00350972648094853,0.3249937301417666,0.21911300431310546
0.03572718538657438,0.00015237435165698924,0.001064635488891284,6.825031343772128e-06,0.0005409941913583863,0.4207829886770933,0.5473096581966831
0.0055994537386093585,0.00019152892339631018,0.0003027626459990634,1.78824564455098e-05,0.00021050573125088612,0.9023505408505998,0.2444154045921165
0.00131058997442798,0.18839155173458666,0.00027749142325615266,9.060321797425893e-06,0.00017929533748957304,0.09648833053467844,0.17856538883789788
0.0013648170177018094,0.00042394245328608734,0.0014882713579501858,9.885713175409791e-06,0.00014145243912512575,0.3822862731636822,0.8263010548893637
0.0012084082287154914,0.010637525711763166,0.0006985313849866066,2.696448101966994e-05,0.00010001312284954196,0.9057152539746897,0.15552888362281742
0.000778575238490396,0.001573735115482331,0.002912054227223811,9.747975742246036e-06,0.00036954739469222434,0.11159580186014373,0.6379204819100689
0.0013185641932831475,0.0002149916211488338,0.02658925537192378,1.3331127235297503e-05,0.0001759109769273594,0.30850959190626664,0.6829983912425847
0.0179411678847374,0.00011267476559561288,0.000245947621990615,2.0193993877101303e-05,0.011895480308020527,0.8964126135018027,0.4104950628942863
0.0015447024121123408,0.003923125401016739,0.011645434034206061,1.8652073105443174e-05,0.00015240618988367828,0.9159170744795054,0.2340639681088025
0.03713987099265224,0.0003351518566368554,0.0007318902501450698,3.058961422473448e-05,0.0009660280378808191,0.09933860503681761,0.4488945344227304
0.019603806446839015,0.00025050181534807614,0.003128530659920212,7.942173378470133e-06,0.0018687359289203608,0.2411905230225357,0.38591986517694693
0.001506871517026463,0.12563442709396924,0.0004052227456436915,0.0025667812075914095,0.0005602367709452343,0.05885422660168706,0.6638367265018955
0.0018749687263582872,0.021314216781638216,0.0006123437951433752,1.2908019964488871e-05,0.0001377735066138057,0.8000454309599482,0.3173905284161841
0.18929018130309952,0.04051284170852348,0.008302051839034673,0.00012231132904309914,0.006466164255880831,0.1753576963856971,0.8347063029216939
0.007873780164591986,0.0002720113946540841,0.00024322630531781872,7.873714834349797e-05,0.37855115255245075,0.30807083631076454,0.479726416251846
0.004357185230814863,0.00015837811535047113,0.10108106967082303,6.474216423380356e-06,3.825519736327291e-05,0.018760247010072367,0.5780005289771817
0.0014006114849974827,0.0003626665389214582,0.7775165018025735,9.668390283364674e-06,9.764201751162305e-05,0.38869064780952733,0.2234236602425168
0.017992444724294884,0.0018902120504298385,0.0007575507195389491,8.238207051093865e-06,0.34622105503729583,0.03367535339153975,0.6705031265694977
0.14737828603551448,0.002363853853350767,0.00031527046169057003,0.00024289495421567515,0.00012647456524335354,0.3067813499352045,0.29741660011484217
0.001343015022348548,0.17286374137644356,0.00046648717197730823,1.2968181124069327e-05,0.00018259146314219548,0.20849168879068108,0.3587380803862225
0.06933567776510695,3.7633972844812755e-05,0.00031923166227181503,1.5972275888110577e-05,0.007386593541289494,0.5929470846480226,0.21290752525876824
0.010080455379037996,0.5594576484430858,0.004766358988012153,8.23871284062389e-06,0.0016098294333682392,0.0206599564653705,0.4089794071316449
0.7379754175673052,2.8516381772671174e-05,0.0002377830383074749,6.405327851705315e-06,0.0035607084240781325,0.044690957830595235,0.15174503990929614
0.0029244828581224238,0.0023893068135771092,0.9443492695289794,1.1586062955727944e-05,9.340565077990499e-05,0.06445976210841026,0.024024724270998516
0.025047461702345793,0.0001271718140441311,0.0014898683807943018,2.255669048802956e-05,0.0002193614322934822,0.7739936027957809,0.4607474438574025
0.0013409404881933751,0.0019564904122255714,0.00021286959696466547,9.801578441884e-05,0.0001323804536049176,0.46454198068139896,0.5475547162860829
0.0027516351818362085,0.00016436251030945976,0.4975012169131648,8.32762267853759e-06,0.00019995408786180796,0.05932514145231446,0.06050964746799095
0.0026310257299040265,0.0001995494688429097,0.0036854240600798466,1.1332299237690163e-05,0.00015736675939176527,0.9371081896829785,0.21566251984399437
0.016413232364518606,0.000526368852048208,0.0015262049374000534,0.035203331266814956,0.00011816133801041989,0.6170105523770832,0.09503928726347909
0.07723468845209935,9.610919768425182e-05,0.002191326339851886,2.344163644488617e-05,4.718705977418843e-05,0.24898715441854163,0.3152709605996889
0.010396703464070367,0.00025096718857571987,0.8712624652602109,1.0630948104887858e-05,0.00023974779454388485,0.8091776997478587,0.25629124983160645
0.6391717790250252,7.8422289132688e-05,0.0010300037371569508,1.4834974564481379e-05,6.305667513451119e-05,0.4536658625130278,0.6047924439359266
0.00986566105228894,0.0002323827328143399,0.020038857977916966,0.0002411453307284908,8.576218748506787e-05,0.700563062584634,0.7158187502237623
0.018673174197008143,0.6965823171104983,0.00015816223106358433,4.679954326994726e-06,0.013700548909392473,0.06986690197549165,0.29980960332796297
0.1000692715010567,0.0014095293139273735,0.0011028709092971267,8.0577779600099e-06,0.002019878799100739,0.5671805768228979,0.1604714406848848
0.03438237187549596,0.000169399952674177,0.0004993467664555343,9.265586427055023e-06,0.03020468908750925,0.9494829207671225,0.09631515774927987
0.0011999615059694654,0.00027026908026210253,0.0003716750524594498,1.0285219933320268e-05,0.00010275049399806853,0.9329636894896642,0.17284141008718212
0.3081932664515395,9.588692185983526e-05,0.004598178416780283,4.604037145773851e-06,0.0009432870913647025,0.0893183565266953,0.4968947570439961
0.004229751567476531,0.0034013839144447495,0.5814725538754344,9.135956409190908e-05,0.00014224073682019095,0.09270343609533685,0.0654235803749194
0.003076318518580387,0.00023928586435713968,0.987062554318394,7.107084524805882e-06,0.00010116766989562979,0.025038170626168386,0.041461755723730384
0.06952541194605565,5.160967113356845e-05,0.021233499549988443,0.0015463234673557772,0.0003150577723107409,0.5499790832083018,0.5089920955865179
0.045628251494809105,0.000387580664674669,0.031232273602135294,0.0004586163264325947,0.0023493230563597814,0.18123140691899836,0.6351352729567667
0.41879251221215646,0.0005422973783767687,0.003159800853862555,2.087806560719873e-05,0.00039228542499764865,0.5329628501978394,0.6410744541313977
0.2827102993014275,5.268757742995762e-05,0.00024959632300633494,5.6422310209866484e-05,0.005855121283383225,0.67667021815621,0.2323166471158444
0.0015208696693194156,0.0004419500721591965,0.993987737757139,7.910390414512135e-06,0.0001789865523097327,0.03668153030327759,0.01885137758493118
0.002025264845609114,0.0002941188720327852,0.01959633831875167,8.29753041804739e-06,4.504903875819666e-05,0.602655540672623,0.6799085355206042
0.0049574476506159745,0.005931122397776374,0.8374637847501047,8.429242909108596e-06,0.0006962276359736291,0.11874787479952008,0.13917201826216058
0.06552956405852053,0.0014824136799477033,0.00027980007305267553,6.405327851705315e-06,0.0004324252964609172,0.5492268087404888,0.6359823490410559
0.0036751153223175737,0.0030326072126103934,0.22804772201706455,8.32762723174323e-06,9.481221692094479e-05,0.07161619339636122,0.11301687694425937
0.0011572670046147264,0.04210836637858252,0.00024777285945531795,6.448308284885818e-05,0.0003157948503062358,0.08685680030987147,0.37245564830689165
0.006976235989466439,0.32809979600604094,0.0005080339355150969,8.211589855256474e-06,0.0012975612698093695,0.02748736207887161,0.3147478578104894
0.052940134415220885,0.0002831481796717356,0.0006224929036987413,1.9156591886505903e-05,6.43258009982232e-05,0.4821238308320193,0.5202831240470712
0.003282658881477392,0.0001254710996806595,0.7898771900734617,8.32711598364286e-06,0.00016571994991303567,0.06402996242051995,0.04915831147397632
0.8636057233121354,0.0007977924374905856,0.017439948196227743,4.9110917493872654e-05,0.0012540864160957568,0.7213022704311521,0.5482461290347963
0.013016214364231152,0.001077776712043797,0.0021402692576157653,7.538269777926398e-06,0.0006658533029358302,0.41182518536318524,0.43417647013843197
0.08897773873148167,0.00033868464905214277,0.0002531059044868225,0.00018598331826090084,0.0001399395332794309,0.5971020766295685,0.28447327876381534
0.0009930743086090396,0.000559736568005045,0.9940034656007156,9.431243011250466e-06,0.0001798458696442633,0.029593281785563426,0.025484982265861877
0.3760086075423522,0.0013587125275016136,0.0007084384745983592,2.5217521802283947e-06,0.008929368586481773,0.4241852877203295,0.42240967688524694
0.08694024384668593,0.0004353955889090274,0.004579870867213798,5.435856647228608e-06,7.747240864985582e-05,0.92933306536934,0.11705549808833929
0.017363182337985412,0.002352529353488177,0.0005681172437412942,6.40509084285479e-06,0.000945901502530255,0.015437741890194643,0.8633310934103738
0.0024450135943579394,0.00023796476500640465,0.0021385106866395965,6.187446726487181e-05,0.000704760919286958,0.8019099724278648,0.6542609721427788
0.003287423096531991,0.00016174997258728668,0.00033616984425244225,0.9317428958800144,0.0013546527606532245,0.34767816820706526,0.6466238907960721
0.015555768969521057,0.00020413025107893817,0.0018413885952422353,1.2743505675777867e-05,9.97706509882051e-05,0.9552302444296545,0.2847156649933072
0.003745850167924077,0.00017042894903186674,0.0031954962698691734,1.1679843367292065e-05,0.00010071174922545574,0.9129830134108774,0.17813230892291035
0.0073252697022064975,0.00024515094390549036,0.0005774570909439006,0.036168724822280666,0.0002160283878732104,0.40304550377345105,0.07500808155281442
0.002562870703212797,0.0004919339758460676,0.9756381010032601,6.7832511314811645e-06,0.0001309969849683885,0.023981268486061268,0.02778932099512631
0.0020517507841610085,0.0004626909109339822,0.9808227518439836,7.909909105948414e-06,0.00013663231141701238,0.027922535409865706,0.015817080790301863
0.016506095151609806,0.0009834976634893453,0.0008807856728252476,7.911193639199382e-06,0.010893851448636988,0.645061202489325,0.47641000785007676
0.001900152634398267,0.8943028313606949,0.0005101831251111321,8.808600509661609e-06,0.0006889767887326122,0.038160299012837566,0.14365773778875676
0.0028058456278300284,5.8487118359671006e-05,0.3204382918586496,8.32711598364286e-06,0.00011870747343041695,0.0437701889725912,0.21425148980898304
0.054478217836983124,8.135047516676714e-05,0.0023374436251902956,8.12631440676897e-06,0.00014338055102858675,0.836733362651052,0.08501267249561728
0.0029529537723362604,0.05005690225317745,0.00023932380580213842,0.00013733466982233965,0.0017508122594911517,0.8369096502228515,0.6257210176978973
0.010924192528261444,0.0001352128773100341,0.009823056601797709,1.262777173344827e-05,0.00018582815331910258,0.6266071593875235,0.7988209361935196
0.03369315837957009,0.00038881888498127395,0.00016951432764795895,9.79150710132419e-06,0.002406039785649512,0.3751673064367313,0.5518384617287728
0.0009207079608706131,0.0006081832880698817,0.006201364764892845,9.785523098127303e-05,0.00012061518194338741,0.45556883838427337,0.677548925442164
0.0051754338659793465,0.4978501260994877,0.0006738747474736306,9.061213341295988e-06,0.00019615999062587644,0.14201491664094748,0.13644324565301813
0.0249653200860501,0.00023477323371605096,0.0032912488515399675,2.5736008134888178e-05,0.0007719891226754621,0.9747474352996283,0.20480747517833017
0.04763050983698467,0.002468331078384022,0.0010077261884956304,7.816570629120224e-06,0.0016649816306348996,0.39027315281437347,0.7452903497628913
0.2918495003404507,0.00992894790485024,0.022816741300387213,7.911173130495327e-06,0.04137919171398089,0.16964472492996022,0.14006176521988062
0.12480042106152346,0.011898703602318704,0.0002495512385022011,5.575353292169934e-06,0.0020561095553406766,0.24803507286882853,0.5673910294305177
0.002481647328601977,0.00019359806176224022,0.9711500219021243,8.32711598364286e-06,0.00013305249849507292,0.07637584075570879,0.02422328125767285
0.027246374040488432,0.001983230395001312,0.05847169321321019,9.79667241380121e-06,0.00040745013583396036,0.49865136029702245,0.3953219932868513
0.018282542112104654,0.0004793627807442842,0.0016686937433142179,1.781799445905026e-05,0.0002868716948858631,0.7487120852521227,0.23278013169589012
0.017674483186369116,2.9034286237091e-05,0.0005074489461129728,1.3814678228118871e-05,0.0017772922758294597,0.7895343973685369,0.5757083564967842
0.0024453152632430875,0.0004148005567415754,0.00039551543955845727,1.7079333976491523e-05,0.0003438441674294409,0.7510602860404065,0.3907419693207921
0.4791671202653537,0.00035342677313726406,0.00023782563555549419,6.954103051191946e-06,0.2498892383963965,0.09041878884180185,0.39236613224717065
0.0019431027766492748,0.17196210827592964,0.00019886571119155164,1.892552863918161e-05,0.00017531557456447952,0.3907690794423138,0.4744871726762736
0.0013223209623759978,0.011491584249074194,0.005778556022449127,8.828567918318327e-06,0.0003056351804074932,0.7725926753395207,0.1384197245333892
0.006595350438118464,0.00033325564727114073,0.00029190620683689275,0.7290942257722829,0.0011083022489573294,0.2962204220578021,0.2366077247403038
0.027044600185481972,0.013846636259491072,0.0002539036253588274,6.4053313538849995e-06,0.0015274879252260213,0.08006251882031928,0.8863285942808922
0.0026985847046081322,0.0034218535744789803,0.00012058625369499737,8.232597596484594e-06,0.0021632221151492935,0.42982618732339717,0.45613210251802777
0.003936376317566384,0.0028618612157470906,0.06464853540588877,1.1586062955727944e-05,0.00021886716637611487,0.021978285570340577,0.5422077740518403
0.01546166872409297,0.00011425138698096336,0.01955935921811775,1.1564534421303158e-05,0.00019755034238003484,0.8569169354995058,0.47061609698776224
0.22150135794292514,0.00021635173238284197,0.0004888776489278652,6.405327851705315e-06,0.040853393504194896,0.6904408854436411,0.14958767285804808
0.38609482853936444,0.00014435601614117542,0.00022608695946257833,0.00042815566229946234,0.004757274644378607,0.4415502407419333,0.30460810283891343
0.06711181035116415,0.0005565123528936773,0.0017751707602439853,1.0919913843607452e-05,0.00020134124022918093,0.4462156248242568,0.44566917156889796
0.00401070461005618,0.0003797193082481932,0.4820997164039736,8.32762267853759e-06,0.00036519460878234105,0.05939418659566823,0.09727658995323943
0.0271142723290974,0.0007421113371996732,0.0002300505640369777,7.288405153249985e-06,0.00033911310979856314,0.6871450680148503,0.25835742303023257
0.016970486994080044,0.00010764101252072406,0.00024149011584540528,9.46781504185683e-05,0.034644106742796624,0.3008113366007536,0.7707980344014433
0.0016996059444956881,0.00485117686837401,6.992366123464984e-05,7.172086594144436e-05,0.0014459334244409986,0.32873692049211384,0.9725139774328271
0.008417322108097747,3.438914283045844e-05,0.2664808800464685,1.5543644489622593e-05,0.006565708220650415,0.04601208589368915,0.6969946166344392
0.03163421482340367,0.0012690678382946533,0.0002123008830295683,9.61919914114916e-06,0.0008630097054181601,0.6906647950082848,0.14596652070421798
0.0014179117170869074,0.0005503134401195564,0.9987032030252639,1.0970111717329842e-05,0.0003432648533902743,0.01532840191239272,0.07832158716451464
0.0009273322020593014,0.0004575808352603924,0.00040732181996153854,9.2646747748532e-06,0.002946772295062174,0.47137932404781197,0.7774074880182591
0.0029537921202225496,0.0001894319552529685,0.0004411942388146209,0.8721657763485848,0.0016050877102459385,0.48717146228027547,0.134353368310388
0.06801371181595378,0.0003087699733283472,0.04712590435220608,1.1279993633891185e-05,0.14884382054758738,0.8712114734473336,0.19695325888026952
0.0019850045256951006,0.002675504092196614,0.0008765982296172911,8.824233444231763e-05,0.00012599740051418766,0.4609577284405968,0.3662311048868014
0.0008906851376129859,0.0014150768578827192,0.0036995431752404975,0.00012576132574630418,0.0005454152721605652,0.5230694124549636,0.6164549837997368
0.0024690949363382567,8.623590966234232e-05,0.005057637619561185,3.134622432683286e-05,5.101730072349989e-05,0.9122515169255194,0.1675475104592246
0.0045116842958381545,0.0001729924447672216,0.00040855374288492694,0.9894113880401313,0.0009705258287767627,0.13967644375515975,0.1515282622663816
0.012034520121269262,0.01741444562026629,0.0003189404791714113,3.229663102113979e-05,0.0006063965988385835,0.2613926270811773,0.5788875240192218
0.989014622939841,0.022141928931597502,0.002659354363400455,7.773148783073567e-06,0.008961347581063902,0.3269305331498903,0.5280234663089363
0.04511451340135239,0.00021595296502157138,0.014710560664555295,5.494483572799607e-05,0.003623974855914515,0.4155977478820693,0.44070768279911676
0.16156311896623035,0.0034906585586245353,0.010379220713001862,8.239523538094718e-06,0.006025728443492435,0.0892422674731302,0.9169767207803291
0.027783629952847996,0.00020049918582255337,0.00043269515158862135,6.904105658802404e-06,0.8720611670081574,0.27675831367309633,0.37688134144030494
0.035801964303405646,0.006838538742388597,0.003353148262372605,6.405327851705315e-06,0.000737103090640132,0.11729794621074609,0.8991106543495191
0.3793600978437597,0.0004463694815123807,0.00017478199827681914,3.58184975516233e-06,0.001362239828241849,0.48133581412504617,0.19755312980502215
0.09307358877913967,0.0003466345656580224,0.0019367209577243287,7.926663420305697e-06,0.00017077841489901929,0.9127271255573626,0.12277234984015516
0.003135228487315071,0.33813388125465504,0.00017440688060016218,9.2646798403961e-06,0.0008979887947460722,0.021001799846070295,0.8847544757661864
0.0019037773185487633,0.000415202990614645,0.001682604705467216,0.008017978701137542,0.0005562312766630923,0.2533129855784627,0.7310125391115023
0.0016521118752018703,0.00019671326915013208,0.9814444150246211,6.7832511314811645e-06,0.0003409620902752817,0.03745799490726143,0.023560639371620715
0.0018882380786665342,0.00028113730154805713,0.0004933590484258766,0.0001346579967317379,0.005948674272238631,0.29270055726902394,0.6967290361998307
0.0055425189843036375,0.012543177337290585,0.5254294953344535,8.327120536571464e-06,0.00014496659162995817,0.11227806646459189,0.04084679226701274
0.000950517492858794,0.000850428227573479,0.0004944353624870639,0.00011634512263031494,0.00016415252229993877,0.6325133005182572,0.5396061152412085
0.0021789464557288715,0.0002656128129799721,0.010950970268093116,8.93722913448241e-05,0.0017356635355804191,0.5503549402352905,0.8281494873600139
0.002086045854368481,8.334159906098378e-05,0.0008609788624218897,4.190224424719887e-05,0.0007255110437983174,0.3052304416897663,0.9339022017560337
0.2696258310543735,0.002061104884765724,0.003744460424103412,1.15111747503502e-05,0.0001423916076569446,0.5613737752715418,0.16923448063131477
0.0006605149314527877,0.0002088828905106369,0.00032137071408205805,1.256876930572718e-05,0.008543816243195116,0.7263314964803668,0.5174584964372604
0.07984110850110841,0.39577734519792235,0.002961939312015329,9.265591493096371e-06,0.003171253785302937,0.09081470837414038,0.6005956360837365
0.018183849435915823,0.4553157310977658,0.00013582985416034604,6.444325523359051e-06,0.0006875648334096121,0.7625277809837436,0.2182288718886439
0.053597627688480275,0.0004237814945514429,0.00029508246208150685,6.966851449939769e-06,0.003465463692766894,0.49010188809781896,0.388912618137603
0.0025588727997067433,0.12081557104708777,0.00024316366435517763,7.833139159878163e-06,0.0004901109206483239,0.10669268831369617,0.34729115452740417
0.001950518928821801,0.00016670972937060294,0.49164273267793396,8.32711598364286e-06,0.00042329717030056385,0.0807750831133321,0.10148537007998583
0.016656649422945737,0.000894099127939587,0.00042359403575735813,1.1108171538203277e-05,0.0005598966079397744,0.10747776239585614,0.8518346705572212
0.0008823038300334207,0.0004600036421575635,0.9913676764519994,8.08740154893104e-06,0.0002583474344158068,0.02658682265308053,0.02172166320621206
0.6949952915934406,0.000569322816496998,0.00017957615723829796,7.839903021560737e-06,0.006812247161242094,0.3600581336630078,0.21270739212834505
0.09452880177455651,0.00031006590161430366,0.028988742548481158,4.9125399934616614e-05,0.00014619038114066377,0.9675294965571617,0.09825808053128633
0.01028572154632775,0.00018171624811108957,0.0075099975333537345,0.003157696573754569,0.00047717323395374923,0.720130589763284,0.14357104569788232
0.043942260008365194,0.00025193902105722027,0.0002887282997592989,8.300781367117725e-06,0.9878870644220988,0.434063429622435,0.37087172756183484
0.02390346086989424,0.0004564985515912373,0.0013156745599977864,0.0005140650109486725,0.00013474426377543678,0.34655955804994876,0.2632611030166128
0.05179703536979926,6.713918858701395e-05,0.0006804036230280928,8.017215267736524e-06,0.00012434381854653943,0.3702000737657404,0.7301443680656848
0.012803379817668633,0.00010909131725519963,0.003037649563046826,0.0016700553407194491,6.544471546960783e-05,0.736876441612902,0.192029315802808
0.006367403466135326,0.0018588746074112374,0.0005536964278802764,1.2560048276928216e-05,7.905305664608638e-05,0.4688655127717116,0.8259830343513805
0.0011115396419448312,0.0004696943043996851,0.9918178710105391,8.708278942127279e-06,0.0003014104980574218,0.03482971601576836,0.06461706667640361
0.002000899256656446,0.00023532736206775842,0.0003243097047318805,9.168395114482576e-06,0.00033536847946667476,0.8217837288051739,0.5315157230903613
0.33620592735400373,0.00020596820958854902,0.00031952287361314773,6.405717608875215e-06,0.00871183816383716,0.2561439198247879,0.2991009873580798
0.08020044658815095,0.001154581461755534,0.000558909087599399,9.36299551204017e-06,0.21249761816209986,0.09736602889192178,0.24029835244722444
0.05964315083284434,0.00011540895226554233,0.033833100458126764,1.1243947366321078e-05,0.0001761491336042174,0.21270039387626577,0.21940249143844184
0.004678018281669198,0.0003374785940603967,0.007950941357803604,0.006224121714354392,0.00039159151250828847,0.5221632998639076,0.2961194547906404
0.0029412818702940586,0.00011476253520020048,0.00047579640374405746,0.0005557540793455806,0.004017863202072246,0.1062169623384119,0.5415112667494438
0.28409518441538817,0.0003621311863574603,0.008828245137180191,4.9854560990117696e-06,5.686310147449378e-05,0.7901699610041042,0.16331244575637158
0.16075890049043284,0.0020576607838210933,0.0026233503541138715,7.132808178945577e-06,0.00025586625882994076,0.4778611830747329,0.7707872700915943
0.07192747426533974,0.0003618547787763659,0.8860931214167148,0.00012160345599261889,0.00041756378331161715,0.314070160855584,0.4606230087027419
0.024222047965234878,0.4408275645376547,0.00016816472728465657,7.564473847609102e-06,0.00024128157450247596,0.19830343126692737,0.18216369417877323
0.2060694218865467,0.00014265789401500585,0.000749035384930304,6.405327851705315e-06,0.000678341026658774,0.383190074210624,0.3400323405210629
0.0016457665527284885,0.0012481914426914033,0.9961416901282083,8.60646552014484e-06,0.0002829120266005576,0.035829415851863056,0.03594247600841126
0.0077238362784088676,0.008206408583914372,0.0002624581019971648,8.239017698794912e-06,0.00035505953533673324,0.6330812669180862,0.08046048381077195
0.0024790956180085985,0.09676593361710341,0.0027263608750895765,2.8416125667167844e-05,0.0003841511195126395,0.1279551966571039,0.16584444831558257
0.0017241239333084352,0.0006724634305051,0.000732741452387414,7.892488187946125e-06,5.6375348053050595e-05,0.9439557547000039,0.3093331672015792
0.003465985192080387,0.15192431936148065,0.00016967652030818454,8.238207051093865e-06,0.0008034749266413728,0.31571932465967417,0.2859784038185053
0.0045521119466119826,0.000610951650236342,0.013672003828890946,0.0008966917136525089,0.014270790842380542,0.26505617611317783,0.8888950911049174
0.2924061108444227,0.0016045295267079636,0.0023087198074212317,9.88019759340807e-06,9.32708670189352e-05,0.3177602520143194,0.33577128681528545
0.0006891804774727629,0.012212781339354379,0.00037962807024980794,8.55635659806917e-06,0.00016483406880332509,0.758276035917049,0.41203969935378804
0.002474632715347618,0.003978438161551022,0.7986922010383547,7.397992315781564e-06,0.0016154536101350263,0.03949346748824215,0.3420948564272702
0.0031771283113532296,0.013547965760952095,0.00022687739260830375,1.0151911610013642e-05,0.000797064170552006,0.4197274584738257,0.4120963186631823
0.004632138917302226,0.000148403254789064,0.08577619497001782,6.473822498413359e-06,7.948214854275757e-05,0.03659552229022802,0.5701331223032897
0.0018043359873795033,0.03693760984697288,0.004294050350340976,1.12097931471635e-05,0.00015784071342465273,0.07417433256436624,0.5658386204401097
0.0028666783029306277,0.00723641197526388,0.33701541157678805,0.07048171647832417,0.0003612472018655142,0.677671406820375,0.7339066797479015
0.0026856703438270946,0.0009256368370798142,0.9923575461770965,8.60646552014484e-06,0.0001742655801593482,0.03293845298006747,0.014193018710812593
0.11903389875852846,0.0017772716995139081,0.03372539599262317,1.2523117792927371e-05,0.15390199143132416,0.7251463752465377,0.3129208839278135
0.0013192434247810345,0.0001034270871925676,0.0005192046740382471,0.00010659084962203038,0.8239696937360328,0.84172748348654,0.4184669766583803
0.0005768501497653598,0.04680883721810586,0.24814682054864073,0.00011291624707211942,0.0005465691433121444,0.08161904577352903,0.8664830086447106
0.0011163883937185708,0.0002460914410534427,0.0005115170321654764,1.317679716690359e-05,8.364270704834492e-05,0.633425092833102,0.27024351365952065
0.022245139400280844,0.000555865869952859,0.04712947811812567,0.5549292558241412,0.00047121855161252326,0.09766523715019969,0.4573314466292704
0.11356912098514685,0.0011061330422497135,0.0013549635959111412,2.950702093357084e-05,0.0005280455312871006,0.5900230041815817,0.3750012531853745
0.0017781817992059594,0.0004772910225548461,0.9866853947007941,6.782838403364333e-06,0.0002691449084638225,0.027989052709365036,0.021284767475409333
0.011238520284088697,0.00022752946239304518,0.003411292215693684,6.404697621985246e-06,0.016000296759035314,0.19811191698757719,0.711465745684468
0.10429189597885134,0.5757207568288855,0.005406091141600142,8.809467284147232e-06,0.0718007396341798,0.13173782445450222,0.15561163199493824
0.07535420839539543,0.00028873213094212453,0.0003430744284441346,1.0831874781041673e-05,0.0007024940209645683,0.7329999632252546,0.5454770059779736
0.027422586612107377,0.00037006265720051926,0.021605046036040212,0.003200905030509177,0.0005037181492533896,0.8448954556913963,0.4618998708991783
0.0017629987378679018,6.378561996734493e-05,0.0012636033331097488,7.043842395336397e-06,0.03696047941913891,0.41087463648208733,0.9516882077678535
0.30348856193105705,0.0008828805109532703,0.0004904143972470822,8.239017698794912e-06,0.04426903112443118,0.5744855034239247,0.2365226495931901
0.14941743720653164,0.0015676819278701577,0.0002939587526537585,4.970226394763594e-06,0.00023805200227069109,0.2561873319717871,0.18875442863438593
0.002395929792557445,8.402681594717285e-05,0.8303007890585032,8.32711598364286e-06,0.00013466050808882255,0.04988249292972978,0.11869424902638709
0.056836845437061766,0.0020835383377362984,0.0006710544987487396,1.8130215584730912e-05,0.06971004370178129,0.5347104742443434,0.33517700355468266
0.0053412722420319025,0.1080217712724327,0.001026199703973621,9.060321797425893e-06,0.002798795873058238,0.06266655160781379,0.35021072561734323
0.157491765204945,0.00011196667541678328,0.0002460348029601821,8.057775455334618e-06,0.005200360875423128,0.8862389956459625,0.2266801507994572
0.026533733702969943,0.21671517762222758,0.004318818127566207,0.00033482483634458756,0.0005006336964492457,0.591619855956879,0.4180316624101217
0.0020771903313217084,0.0005618882076280608,0.0007827006577824634,2.14882276344464e-05,0.0001505128326516483,0.9460281520683826,0.2356388171591941
0.0022307549551179627,0.00013519092069570797,0.9949555788622861,8.32711598364286e-06,9.938443683177675e-05,0.06725082264968285,0.042211913147590784
0.01616722471830786,0.0007126158187766087,0.0036563123640636045,7.202718519963769e-06,0.0007810531077998392,0.020642864756278665,0.7839915787825672
0.014648340739347367,0.00041291820004345605,0.0009306484842089093,8.128834934199211e-06,0.00037293442899744207,0.3191448384206804,0.6468836531930319
0.08426456338579032,0.0006077416593738433,0.0004729076378406612,1.446978503101078e-05,0.00018166352339205378,0.7274913456956379,0.4612077369698372
0.0539522062716454,0.0995119014869367,0.0009116174485140757,9.265586427055023e-06,0.07194859811284145,0.09868159950712094,0.2326346723632289
0.002772028678567524,0.002333215085400048,0.24442877516140935,8.327120536571464e-06,0.00014136512318896097,0.04183522407989314,0.19786050718946016
0.03143083867568368,0.002795844288581232,0.001437455778973418,8.879600016728915e-06,9.238037757370664e-05,0.722168270146161,0.3299880271744846
0.0010422419535725013,0.0031466352413091043,0.0002692132094443478,8.037013829526506e-06,0.02946146813351836,0.6593524642878618,0.7667551293487227
0.02625206634472929,0.0001637716677279464,0.0007329214881452873,6.522449777164609e-06,9.97382634334264e-05,0.7168686945501139,0.14995159974217412
0.11538218061444118,0.0001343290294023818,0.0012256110892648025,5.556556519515177e-06,0.7288292579404382,0.5976934208446266,0.40380635052624114
0.0026829887598490733,0.004920007152093985,0.9763442364876932,0.00014694346420499052,0.00015050673851417948,0.24856325739476232,0.02232230047247525
0.08727744664835553,0.29766757839983055,0.0008032023154492285,4.2450173311400186e-05,0.1517082989984203,0.11251808798525033,0.31816050210880414
0.5821312273208084,0.0007941343893977063,0.00019187240899930496,3.0886681176715235e-05,0.0961920263012511,0.05294142910889764,0.26061658831761364
0.2236377025597945,0.004105996692092764,0.00017556640184519622,4.153504601444912e-05,0.00014152206654971446,0.5320511996536963,0.19549780959519814
0.0008295354258844257,0.0001937588488736933,0.9652104678800786,7.10847537173248e-05,0.00037733629884727015,0.019766041886026053,0.18522988664944404
0.0019714669576230445,0.00014534582119657934,0.8547052956053605,3.8162702684184526e-05,0.00021797341223639803,0.07641866958259383,0.027578310474889275
0.0009661617538547564,0.04308169402825295,0.15950289253960537,9.459383603658711e-05,0.0008077572756798537,0.39457279991166316,0.15767301046396484
0.23663846726903529,0.0009080890375883242,0.0003193607946507414,3.775642458132963e-05,0.45209238550349784,0.20604542460337943,0.1449624992337717
0.15311792313745995,0.0004246990060487338,0.0005032671536879844,2.3075732858335092e-05,0.035346641576007566,0.49434795770362694,0.6527353389688462
0.0014671001806910162,0.000166556043847049,0.001861676677634442,3.948251450265547e-05,0.00011466760303207087,0.864047621294237,0.30336396340099075
0.005770257545812863,0.004388565403267349,0.10866319469709995,3.815327752113662e-05,0.00017989980337671508,0.15988008988699923,0.17649527317833624
0.003303875376163608,0.0002362429527126916,0.003590970800622409,0.00010700109475680882,0.0008798263745969349,0.07789074866805952,0.7662767715573982
0.38932771365618635,0.004503197614686617,0.00038388676152718225,4.5409214206538925e-05,0.9935263297924547,0.4126487795975367,0.15130358700610358
0.0036333671878040707,0.009155286369664156,0.4940916368225418,0.00013748128822844592,0.00018846789458796246,0.12357361848339612,0.10638092220303241
0.05363047892904741,0.0002347449424945475,0.030297191261023402,7.080333959368678e-05,0.006952640600771695,0.41845109884471227,0.6916858334947299
0.004301021508678741,0.00017943758546063875,0.960866004985315,4.4235696243359243e-05,0.0005065285873195865,0.13864616564890225,0.04606764658798223
0.020364638882438654,1.707868689964419e-05,0.15174978173713963,7.122946980447837e-05,0.03193756796018092,0.03882770316267249,0.48046148761783897
0.006668035661864769,0.005172471675707568,0.005028001725601998,4.492609113834458e-05,0.0002815373624933604,0.04830469159323694,0.45934280916583364
0.5993465859640947,0.28367124097278257,0.0037663308007136087,1.81731888576801e-05,0.3815882512495784,0.2108872492124846,0.7294387667426613
